st,mo,Hail
AK,5,1
AK,6,15
AK,7,8
AK,8,1
AL,1,211
AL,2,352
AL,3,1705
AL,4,2033
AL,5,1277
AL,6,836
AL,7,449
AL,8,303
AL,9,51
AL,10,131
AL,11,114
AL,12,156
AR,1,378
AR,2,505
AR,3,1791
AR,4,3243
AR,5,2203
AR,6,1221
AR,7,677
AR,8,470
AR,9,200
AR,10,412
AR,11,359
AR,12,198
AZ,1,5
AZ,2,12
AZ,3,19
AZ,4,8
AZ,5,30
AZ,6,55
AZ,7,285
AZ,8,311
AZ,9,270
AZ,10,150
AZ,11,15
AZ,12,7
CA,1,66
CA,2,73
CA,3,147
CA,4,83
CA,5,84
CA,6,46
CA,7,115
CA,8,98
CA,9,70
CA,10,41
CA,11,16
CA,12,15
CO,2,2
CO,3,51
CO,4,563
CO,5,2632
CO,6,4896
CO,7,3245
CO,8,2212
CO,9,554
CO,10,84
CT,2,1
CT,3,3
CT,4,9
CT,5,139
CT,6,187
CT,7,183
CT,8,96
CT,9,24
CT,10,6
CT,11,2
CT,12,1
DC,4,4
DC,5,5
DC,6,10
DC,7,11
DC,8,6
DC,11,1
DE,2,1
DE,3,4
DE,4,25
DE,5,36
DE,6,50
DE,7,16
DE,8,18
DE,9,8
DE,10,1
FL,1,80
FL,2,256
FL,3,688
FL,4,707
FL,5,1268
FL,6,1215
FL,7,746
FL,8,358
FL,9,108
FL,10,50
FL,11,20
FL,12,13
GA,1,168
GA,2,303
GA,3,1183
GA,4,1707
GA,5,1884
GA,6,1436
GA,7,804
GA,8,473
GA,9,176
GA,10,115
GA,11,80
GA,12,156
HI,1,2
HI,2,2
HI,3,12
HI,11,1
HI,12,3
IA,1,10
IA,2,71
IA,3,689
IA,4,2518
IA,5,3502
IA,6,3729
IA,7,1933
IA,8,1215
IA,9,869
IA,10,248
IA,11,51
IA,12,14
ID,1,1
ID,2,2
ID,3,6
ID,4,49
ID,5,176
ID,6,262
ID,7,249
ID,8,199
ID,9,68
ID,10,8
ID,11,1
ID,12,1
IL,1,108
IL,2,217
IL,3,956
IL,4,2677
IL,5,2642
IL,6,1852
IL,7,1003
IL,8,816
IL,9,421
IL,10,233
IL,11,194
IL,12,40
IN,1,67
IN,2,89
IN,3,725
IN,4,1379
IN,5,1667
IN,6,1500
IN,7,739
IN,8,548
IN,9,232
IN,10,153
IN,11,86
IN,12,9
KS,1,15
KS,2,332
KS,3,1738
KS,4,5306
KS,5,11133
KS,6,9154
KS,7,3906
KS,8,3189
KS,9,2166
KS,10,752
KS,11,194
KS,12,41
KY,1,111
KY,2,192
KY,3,700
KY,4,1430
KY,5,1618
KY,6,969
KY,7,588
KY,8,297
KY,9,84
KY,10,138
KY,11,104
KY,12,44
LA,1,290
LA,2,428
LA,3,1258
LA,4,1599
LA,5,1129
LA,6,561
LA,7,158
LA,8,127
LA,9,70
LA,10,120
LA,11,161
LA,12,156
MA,2,3
MA,3,15
MA,4,16
MA,5,248
MA,6,401
MA,7,431
MA,8,305
MA,9,35
MA,10,6
MA,11,1
MA,12,4
MD,1,2
MD,2,18
MD,3,27
MD,4,203
MD,5,375
MD,6,376
MD,7,230
MD,8,221
MD,9,35
MD,10,7
MD,11,12
MD,12,1
ME,3,14
ME,4,3
ME,5,66
ME,6,430
ME,7,369
ME,8,267
ME,9,38
ME,10,5
ME,12,1
MI,1,22
MI,2,20
MI,3,217
MI,4,556
MI,5,1071
MI,6,1256
MI,7,1383
MI,8,626
MI,9,326
MI,10,165
MI,11,21
MI,12,4
MN,1,1
MN,3,131
MN,4,768
MN,5,2857
MN,6,3816
MN,7,3406
MN,8,2457
MN,9,1023
MN,10,164
MN,11,15
MN,12,2
MO,1,216
MO,2,432
MO,3,2338
MO,4,4667
MO,5,4903
MO,6,2644
MO,7,1204
MO,8,807
MO,9,734
MO,10,409
MO,11,321
MO,12,202
MS,1,346
MS,2,521
MS,3,1499
MS,4,2078
MS,5,1353
MS,6,788
MS,7,393
MS,8,255
MS,9,69
MS,10,194
MS,11,249
MS,12,223
MT,3,8
MT,4,37
MT,5,753
MT,6,2723
MT,7,3087
MT,8,1203
MT,9,178
MT,10,4
NC,1,37
NC,2,80
NC,3,642
NC,4,1413
NC,5,3004
NC,6,2142
NC,7,1306
NC,8,662
NC,9,280
NC,10,87
NC,11,13
NC,12,6
ND,2,1
ND,3,12
ND,4,83
ND,5,806
ND,6,2798
ND,7,3071
ND,8,2232
ND,9,500
ND,10,24
ND,11,4
NE,1,1
NE,2,14
NE,3,484
NE,4,1857
NE,5,4908
NE,6,7255
NE,7,4495
NE,8,3007
NE,9,1309
NE,10,364
NE,11,38
NE,12,9
NH,3,1
NH,5,109
NH,6,271
NH,7,292
NH,8,157
NH,9,42
NH,10,2
NJ,1,4
NJ,2,14
NJ,3,33
NJ,4,91
NJ,5,191
NJ,6,257
NJ,7,313
NJ,8,126
NJ,9,63
NJ,10,16
NJ,11,16
NJ,12,4
NM,1,15
NM,2,11
NM,3,113
NM,4,261
NM,5,1368
NM,6,1453
NM,7,598
NM,8,468
NM,9,335
NM,10,318
NM,11,22
NV,1,1
NV,2,1
NV,3,3
NV,4,3
NV,5,47
NV,6,37
NV,7,89
NV,8,73
NV,9,32
NV,10,16
NV,11,3
NY,1,4
NY,2,4
NY,3,26
NY,4,144
NY,5,1087
NY,6,1446
NY,7,1080
NY,8,766
NY,9,231
NY,10,30
NY,11,39
NY,12,3
OH,1,32
OH,2,57
OH,3,535
OH,4,1268
OH,5,2157
OH,6,2037
OH,7,1159
OH,8,803
OH,9,262
OH,10,91
OH,11,116
OH,12,14
OK,1,292
OK,2,511
OK,3,3209
OK,4,6708
OK,5,8169
OK,6,4492
OK,7,1264
OK,8,1058
OK,9,1221
OK,10,972
OK,11,618
OK,12,213
OR,1,1
OR,3,6
OR,4,29
OR,5,156
OR,6,165
OR,7,212
OR,8,225
OR,9,26
OR,10,1
OR,11,2
OR,12,1
PA,1,11
PA,2,32
PA,3,193
PA,4,427
PA,5,1150
PA,6,1258
PA,7,1012
PA,8,678
PA,9,223
PA,10,50
PA,11,53
PA,12,10
PR,2,2
PR,4,2
PR,5,9
PR,6,5
PR,7,8
PR,8,4
PR,9,4
PR,10,3
PR,11,2
PR,12,1
RI,3,1
RI,4,4
RI,5,19
RI,6,42
RI,7,49
RI,8,10
RI,9,3
SC,1,46
SC,2,74
SC,3,635
SC,4,1016
SC,5,1834
SC,6,1380
SC,7,761
SC,8,364
SC,9,123
SC,10,74
SC,11,37
SC,12,42
SD,2,5
SD,3,76
SD,4,468
SD,5,2239
SD,6,4777
SD,7,4566
SD,8,3171
SD,9,777
SD,10,124
SD,11,15
SD,12,1
TN,1,203
TN,2,229
TN,3,910
TN,4,1590
TN,5,1418
TN,6,982
TN,7,459
TN,8,257
TN,9,89
TN,10,132
TN,11,132
TN,12,106
TX,1,695
TX,2,1295
TX,3,5196
TX,4,12394
TX,5,15916
TX,6,8362
TX,7,1349
TX,8,1174
TX,9,1251
TX,10,1909
TX,11,660
TX,12,374
UT,2,1
UT,4,15
UT,5,63
UT,6,96
UT,7,73
UT,8,177
UT,9,98
UT,10,19
VA,1,7
VA,2,90
VA,3,227
VA,4,836
VA,5,1594
VA,6,1538
VA,7,806
VA,8,525
VA,9,213
VA,10,25
VA,11,32
VA,12,7
VI,4,1
VI,10,1
VT,3,1
VT,4,4
VT,5,190
VT,6,180
VT,7,283
VT,8,107
VT,9,18
WA,1,1
WA,3,3
WA,4,17
WA,5,59
WA,6,100
WA,7,125
WA,8,51
WA,9,13
WA,10,4
WA,11,1
WA,12,1
WI,1,6
WI,2,18
WI,3,282
WI,4,1005
WI,5,1552
WI,6,1699
WI,7,1648
WI,8,1153
WI,9,733
WI,10,221
WI,11,27
WI,12,6
WV,1,12
WV,2,25
WV,3,184
WV,4,507
WV,5,608
WV,6,785
WV,7,414
WV,8,201
WV,9,142
WV,10,33
WV,11,9
WV,12,2
WY,3,1
WY,4,58
WY,5,669
WY,6,1666
WY,7,1491
WY,8,679
WY,9,138
WY,10,8
