st,mo,Tornado
AK,6,2
AK,7,1
AK,11,1
AL,1,191
AL,2,181
AL,3,433
AL,4,605
AL,5,252
AL,6,91
AL,7,76
AL,8,86
AL,9,108
AL,10,126
AL,11,298
AL,12,173
AR,1,153
AR,2,121
AR,3,274
AR,4,483
AR,5,373
AR,6,92
AR,7,63
AR,8,29
AR,9,75
AR,10,87
AR,11,170
AR,12,150
AZ,1,6
AZ,2,10
AZ,3,11
AZ,4,7
AZ,5,18
AZ,6,21
AZ,7,55
AZ,8,56
AZ,9,46
AZ,10,37
AZ,11,15
AZ,12,3
CA,1,56
CA,2,66
CA,3,84
CA,4,59
CA,5,40
CA,6,13
CA,7,17
CA,8,21
CA,9,24
CA,10,19
CA,11,32
CA,12,46
CO,2,2
CO,3,24
CO,4,118
CO,5,574
CO,6,885
CO,7,492
CO,8,244
CO,9,54
CO,10,40
CT,4,2
CT,5,15
CT,6,22
CT,7,36
CT,8,35
CT,9,8
CT,10,8
CT,11,6
DC,4,2
DC,5,1
DC,7,2
DC,9,1
DE,1,1
DE,3,4
DE,4,8
DE,5,4
DE,6,10
DE,7,22
DE,8,14
DE,9,7
DE,10,3
DE,11,1
FL,1,205
FL,2,223
FL,3,338
FL,4,318
FL,5,340
FL,6,540
FL,7,377
FL,8,360
FL,9,376
FL,10,247
FL,11,144
FL,12,163
GA,1,199
GA,2,142
GA,3,274
GA,4,445
GA,5,217
GA,6,120
GA,7,77
GA,8,82
GA,9,82
GA,10,62
GA,11,124
GA,12,134
HI,1,6
HI,2,7
HI,3,11
HI,4,3
HI,5,2
HI,6,1
HI,9,4
HI,11,2
HI,12,5
IA,1,15
IA,2,2
IA,3,167
IA,4,357
IA,5,702
IA,6,771
IA,7,367
IA,8,221
IA,9,126
IA,10,72
IA,11,61
IA,12,75
ID,2,6
ID,3,11
ID,4,26
ID,5,47
ID,6,54
ID,7,27
ID,8,26
ID,9,16
ID,10,8
ID,11,1
ID,12,1
IL,1,45
IL,2,69
IL,3,207
IL,4,553
IL,5,637
IL,6,583
IL,7,230
IL,8,227
IL,9,95
IL,10,65
IL,11,101
IL,12,92
IN,1,25
IN,2,38
IN,3,161
IN,4,296
IN,5,282
IN,6,365
IN,7,155
IN,8,110
IN,9,51
IN,10,74
IN,11,88
IN,12,24
KS,1,3
KS,2,30
KS,3,224
KS,4,619
KS,5,1754
KS,6,987
KS,7,345
KS,8,184
KS,9,147
KS,10,157
KS,11,84
KS,12,16
KY,1,69
KY,2,78
KY,3,135
KY,4,270
KY,5,195
KY,6,143
KY,7,76
KY,8,29
KY,9,22
KY,10,63
KY,11,66
KY,12,51
LA,1,190
LA,2,153
LA,3,245
LA,4,443
LA,5,316
LA,6,149
LA,7,68
LA,8,74
LA,9,134
LA,10,174
LA,11,249
LA,12,166
MA,2,2
MA,3,1
MA,5,15
MA,6,27
MA,7,66
MA,8,49
MA,9,14
MA,10,11
MA,11,6
MA,12,2
MD,1,3
MD,2,9
MD,3,8
MD,4,43
MD,5,60
MD,6,73
MD,7,86
MD,8,47
MD,9,38
MD,10,21
MD,11,23
MD,12,1
ME,5,11
ME,6,27
ME,7,51
ME,8,29
ME,9,7
ME,10,6
ME,11,5
MI,1,1
MI,2,5
MI,3,52
MI,4,114
MI,5,171
MI,6,247
MI,7,197
MI,8,178
MI,9,84
MI,10,38
MI,11,12
MI,12,1
MN,3,26
MN,4,76
MN,5,350
MN,6,680
MN,7,528
MN,8,296
MN,9,128
MN,10,38
MN,11,5
MN,12,23
MO,1,92
MO,2,88
MO,3,235
MO,4,493
MO,5,650
MO,6,333
MO,7,131
MO,8,54
MO,9,113
MO,10,133
MO,11,87
MO,12,135
MS,1,200
MS,2,256
MS,3,366
MS,4,606
MS,5,251
MS,6,128
MS,7,46
MS,8,102
MS,9,136
MS,10,120
MS,11,300
MS,12,225
MT,3,2
MT,4,6
MT,5,47
MT,6,166
MT,7,148
MT,8,64
MT,9,7
MT,10,1
MT,11,1
NC,1,31
NC,2,64
NC,3,150
NC,4,243
NC,5,251
NC,6,136
NC,7,120
NC,8,141
NC,9,177
NC,10,97
NC,11,70
NC,12,18
ND,3,1
ND,4,9
ND,5,178
ND,6,628
ND,7,534
ND,8,266
ND,9,26
ND,10,6
ND,11,5
NE,1,6
NE,2,2
NE,3,68
NE,4,264
NE,5,912
NE,6,1051
NE,7,399
NE,8,195
NE,9,64
NE,10,99
NE,11,7
NE,12,33
NH,5,14
NH,6,18
NH,7,43
NH,8,24
NH,9,1
NH,10,2
NJ,2,5
NJ,3,5
NJ,4,15
NJ,5,13
NJ,6,22
NJ,7,55
NJ,8,29
NJ,9,21
NJ,10,14
NJ,11,14
NM,2,1
NM,3,20
NM,4,42
NM,5,201
NM,6,182
NM,7,78
NM,8,59
NM,9,41
NM,10,26
NM,12,3
NV,1,1
NV,2,3
NV,3,2
NV,4,5
NV,5,21
NV,6,22
NV,7,11
NV,8,19
NV,9,8
NV,10,4
NV,11,1
NY,2,1
NY,3,2
NY,4,29
NY,5,77
NY,6,79
NY,7,130
NY,8,101
NY,9,45
NY,10,17
NY,11,20
OH,1,9
OH,2,25
OH,3,82
OH,4,164
OH,5,231
OH,6,285
OH,7,205
OH,8,130
OH,9,63
OH,10,53
OH,11,62
OH,12,6
OK,1,32
OK,2,66
OK,3,291
OK,4,879
OK,5,1803
OK,6,543
OK,7,121
OK,8,98
OK,9,125
OK,10,197
OK,11,120
OK,12,39
OR,1,1
OR,2,1
OR,3,4
OR,4,15
OR,5,17
OR,6,25
OR,7,7
OR,8,8
OR,9,16
OR,10,20
OR,11,11
OR,12,7
PA,1,7
PA,2,6
PA,3,25
PA,4,89
PA,5,152
PA,6,186
PA,7,214
PA,8,113
PA,9,79
PA,10,42
PA,11,35
PA,12,5
PR,2,1
PR,3,2
PR,5,3
PR,6,5
PR,7,5
PR,8,6
PR,9,5
PR,10,4
PR,11,1
RI,7,2
RI,8,9
RI,9,4
RI,10,3
RI,11,3
SC,1,42
SC,2,54
SC,3,138
SC,4,217
SC,5,165
SC,6,97
SC,7,70
SC,8,98
SC,9,153
SC,10,49
SC,11,72
SC,12,26
SD,3,3
SD,4,57
SD,5,434
SD,6,771
SD,7,400
SD,8,184
SD,9,59
SD,10,26
TN,1,88
TN,2,113
TN,3,198
TN,4,346
TN,5,266
TN,6,99
TN,7,42
TN,8,31
TN,9,14
TN,10,47
TN,11,111
TN,12,74
TX,1,228
TX,2,216
TX,3,752
TX,4,1638
TX,5,2884
TX,6,1365
TX,7,342
TX,8,416
TX,9,482
TX,10,484
TX,11,359
TX,12,247
UT,1,1
UT,2,1
UT,3,3
UT,4,6
UT,5,28
UT,6,21
UT,7,19
UT,8,29
UT,9,22
UT,10,1
UT,11,2
UT,12,2
VA,1,18
VA,2,25
VA,3,30
VA,4,140
VA,5,111
VA,6,90
VA,7,110
VA,8,100
VA,9,117
VA,10,59
VA,11,21
VA,12,4
VI,7,1
VT,3,2
VT,5,9
VT,6,11
VT,7,19
VT,8,9
VT,9,1
VT,10,1
WA,1,4
WA,3,6
WA,4,19
WA,5,31
WA,6,19
WA,7,12
WA,8,13
WA,9,8
WA,10,12
WA,11,3
WA,12,6
WI,1,3
WI,3,32
WI,4,108
WI,5,215
WI,6,438
WI,7,356
WI,8,231
WI,9,108
WI,10,31
WI,11,6
WI,12,15
WV,1,2
WV,2,1
WV,3,8
WV,4,19
WV,5,10
WV,6,48
WV,7,35
WV,8,19
WV,9,9
WV,10,6
WV,11,1
WV,12,3
WY,4,13
WY,5,162
WY,6,320
WY,7,163
WY,8,62
WY,9,23
