st,mo,Wind
AK,6,3
AK,7,6
AL,1,804
AL,2,967
AL,3,1490
AL,4,2581
AL,5,1990
AL,6,3288
AL,7,2627
AL,8,1833
AL,9,285
AL,10,335
AL,11,557
AL,12,614
AR,1,373
AR,2,510
AR,3,994
AR,4,2082
AR,5,2704
AR,6,2446
AR,7,2257
AR,8,1600
AR,9,623
AR,10,732
AR,11,673
AR,12,317
AZ,1,35
AZ,2,15
AZ,3,29
AZ,4,19
AZ,5,52
AZ,6,187
AZ,7,1362
AZ,8,1449
AZ,9,443
AZ,10,87
AZ,11,22
AZ,12,17
CA,1,102
CA,2,60
CA,3,63
CA,4,41
CA,5,63
CA,6,34
CA,7,156
CA,8,230
CA,9,146
CA,10,37
CA,11,20
CA,12,27
CO,1,1
CO,2,4
CO,3,23
CO,4,133
CO,5,524
CO,6,1214
CO,7,1157
CO,8,613
CO,9,182
CO,10,54
CO,11,3
CO,12,2
CT,1,4
CT,2,28
CT,3,14
CT,4,45
CT,5,279
CT,6,472
CT,7,666
CT,8,447
CT,9,128
CT,10,58
CT,11,58
CT,12,13
DC,1,1
DC,2,5
DC,3,11
DC,4,17
DC,5,30
DC,6,68
DC,7,100
DC,8,59
DC,9,14
DC,10,3
DC,11,7
DE,1,8
DE,2,55
DE,3,30
DE,4,86
DE,5,88
DE,6,219
DE,7,261
DE,8,177
DE,9,44
DE,10,18
DE,11,24
DE,12,4
FL,1,664
FL,2,803
FL,3,1049
FL,4,1626
FL,5,1303
FL,6,3036
FL,7,2312
FL,8,1428
FL,9,596
FL,10,248
FL,11,271
FL,12,312
GA,1,854
GA,2,912
GA,3,1406
GA,4,2334
GA,5,2259
GA,6,4820
GA,7,4250
GA,8,2763
GA,9,506
GA,10,265
GA,11,547
GA,12,348
GU,5,1
GU,8,1
GU,11,1
HI,1,7
HI,2,4
HI,3,5
HI,4,1
HI,10,1
HI,11,1
HI,12,10
IA,1,3
IA,2,21
IA,3,454
IA,4,1103
IA,5,2342
IA,6,5015
IA,7,3725
IA,8,2331
IA,9,920
IA,10,173
IA,11,155
IA,12,219
ID,1,16
ID,2,16
ID,3,77
ID,4,158
ID,5,225
ID,6,418
ID,7,494
ID,8,437
ID,9,119
ID,10,55
ID,11,9
ID,12,13
IL,1,187
IL,2,222
IL,3,785
IL,4,1563
IL,5,2943
IL,6,5125
IL,7,3832
IL,8,2744
IL,9,879
IL,10,531
IL,11,503
IL,12,210
IN,1,282
IN,2,204
IN,3,585
IN,4,1152
IN,5,2376
IN,6,3804
IN,7,3292
IN,8,1830
IN,9,582
IN,10,430
IN,11,524
IN,12,155
KS,1,52
KS,2,165
KS,3,434
KS,4,1659
KS,5,3808
KS,6,6694
KS,7,4978
KS,8,3745
KS,9,1256
KS,10,481
KS,11,163
KS,12,162
KY,1,667
KY,2,585
KY,3,1005
KY,4,1962
KY,5,2650
KY,6,3921
KY,7,3983
KY,8,1534
KY,9,390
KY,10,530
KY,11,443
KY,12,310
LA,1,572
LA,2,553
LA,3,1058
LA,4,1873
LA,5,1647
LA,6,1501
LA,7,1256
LA,8,923
LA,9,295
LA,10,456
LA,11,706
LA,12,538
MA,1,5
MA,2,110
MA,3,60
MA,4,46
MA,5,430
MA,6,866
MA,7,1400
MA,8,800
MA,9,276
MA,10,132
MA,11,48
MA,12,15
MD,1,44
MD,2,126
MD,3,259
MD,4,453
MD,5,793
MD,6,1863
MD,7,2180
MD,8,1280
MD,9,373
MD,10,111
MD,11,165
MD,12,21
ME,1,3
ME,2,4
ME,3,2
ME,4,13
ME,5,205
ME,6,644
ME,7,1098
ME,8,596
ME,9,199
ME,10,45
ME,11,8
ME,12,4
MI,1,63
MI,2,32
MI,3,200
MI,4,513
MI,5,1410
MI,6,2656
MI,7,3702
MI,8,2204
MI,9,954
MI,10,366
MI,11,132
MI,12,56
MN,3,38
MN,4,351
MN,5,1466
MN,6,3529
MN,7,4091
MN,8,2175
MN,9,811
MN,10,116
MN,11,11
MN,12,83
MO,1,228
MO,2,360
MO,3,846
MO,4,1855
MO,5,2968
MO,6,3881
MO,7,3364
MO,8,2469
MO,9,1001
MO,10,591
MO,11,406
MO,12,363
MS,1,835
MS,2,1014
MS,3,1594
MS,4,2602
MS,5,2035
MS,6,2687
MS,7,1946
MS,8,1315
MS,9,352
MS,10,500
MS,11,785
MS,12,729
MT,1,3
MT,2,8
MT,3,12
MT,4,63
MT,5,444
MT,6,1495
MT,7,2332
MT,8,1112
MT,9,197
MT,10,13
MT,11,2
MT,12,8
NC,1,434
NC,2,481
NC,3,752
NC,4,1504
NC,5,2573
NC,6,4306
NC,7,4823
NC,8,2552
NC,9,649
NC,10,262
NC,11,312
NC,12,119
ND,3,15
ND,4,37
ND,5,377
ND,6,1902
ND,7,2437
ND,8,1144
ND,9,269
ND,10,13
NE,1,1
NE,2,12
NE,3,143
NE,4,627
NE,5,1815
NE,6,3679
NE,7,3278
NE,8,1911
NE,9,567
NE,10,239
NE,11,11
NE,12,149
NH,1,2
NH,2,3
NH,3,16
NH,4,5
NH,5,250
NH,6,393
NH,7,809
NH,8,419
NH,9,163
NH,10,52
NH,11,8
NH,12,17
NJ,1,52
NJ,2,104
NJ,3,126
NJ,4,324
NJ,5,477
NJ,6,1198
NJ,7,1708
NJ,8,805
NJ,9,280
NJ,10,161
NJ,11,173
NJ,12,46
NM,1,8
NM,2,10
NM,3,32
NM,4,54
NM,5,342
NM,6,600
NM,7,503
NM,8,281
NM,9,125
NM,10,74
NM,11,7
NM,12,20
NV,1,1
NV,2,5
NV,3,2
NV,4,18
NV,5,72
NV,6,149
NV,7,363
NV,8,205
NV,9,88
NV,10,16
NV,11,1
NY,1,114
NY,2,84
NY,3,213
NY,4,541
NY,5,2321
NY,6,3465
NY,7,5263
NY,8,3523
NY,9,1224
NY,10,569
NY,11,290
NY,12,97
OH,1,201
OH,2,198
OH,3,515
OH,4,1479
OH,5,2546
OH,6,5312
OH,7,5108
OH,8,2762
OH,9,867
OH,10,450
OH,11,672
OH,12,187
OK,1,99
OK,2,329
OK,3,901
OK,4,1902
OK,5,4311
OK,6,4623
OK,7,3102
OK,8,2492
OK,9,1131
OK,10,795
OK,11,454
OK,12,133
OR,1,11
OR,2,1
OR,3,21
OR,4,32
OR,5,105
OR,6,84
OR,7,90
OR,8,120
OR,9,39
OR,10,11
OR,11,6
OR,12,5
PA,1,132
PA,2,200
PA,3,432
PA,4,1333
PA,5,2575
PA,6,4917
PA,7,5332
PA,8,3624
PA,9,1143
PA,10,437
PA,11,784
PA,12,113
PR,4,1
PR,5,19
PR,6,19
PR,7,16
PR,8,15
PR,9,18
PR,10,8
PR,11,3
PR,12,1
RI,2,15
RI,3,12
RI,4,8
RI,5,21
RI,6,65
RI,7,75
RI,8,80
RI,9,14
RI,10,10
RI,11,17
RI,12,2
SC,1,301
SC,2,308
SC,3,753
SC,4,1383
SC,5,1684
SC,6,3969
SC,7,3762
SC,8,1928
SC,9,550
SC,10,186
SC,11,302
SC,12,159
SD,2,1
SD,3,28
SD,4,193
SD,5,1075
SD,6,3183
SD,7,3933
SD,8,2310
SD,9,398
SD,10,109
SD,12,1
TN,1,617
TN,2,748
TN,3,1245
TN,4,1951
TN,5,2878
TN,6,3691
TN,7,3713
TN,8,1813
TN,9,424
TN,10,522
TN,11,629
TN,12,386
TX,1,535
TX,2,968
TX,3,2217
TX,4,4110
TX,5,7578
TX,6,7156
TX,7,2727
TX,8,3086
TX,9,1587
TX,10,1579
TX,11,851
TX,12,597
UT,1,4
UT,2,8
UT,3,14
UT,4,67
UT,5,262
UT,6,349
UT,7,522
UT,8,333
UT,9,248
UT,10,33
UT,11,14
UT,12,21
VA,1,225
VA,2,238
VA,3,503
VA,4,1201
VA,5,2499
VA,6,4746
VA,7,4697
VA,8,2853
VA,9,813
VA,10,266
VA,11,267
VA,12,76
VI,6,1
VT,2,4
VT,3,18
VT,4,6
VT,5,320
VT,6,454
VT,7,796
VT,8,399
VT,9,151
VT,10,20
VT,11,8
VT,12,6
WA,1,10
WA,3,17
WA,4,30
WA,5,97
WA,6,103
WA,7,116
WA,8,82
WA,9,49
WA,10,7
WA,11,6
WA,12,9
WI,1,4
WI,2,12
WI,3,147
WI,4,388
WI,5,1319
WI,6,3152
WI,7,3985
WI,8,2064
WI,9,822
WI,10,161
WI,11,50
WI,12,47
WV,1,58
WV,2,166
WV,3,192
WV,4,524
WV,5,739
WV,6,1823
WV,7,1932
WV,8,970
WV,9,222
WV,10,94
WV,11,135
WV,12,30
WY,2,1
WY,3,8
WY,4,64
WY,5,203
WY,6,702
WY,7,796
WY,8,417
WY,9,132
WY,10,20
WY,11,2
WY,12,3
